idPet,petName,Gender,typeOfPet,bornPetDay
5444429805655382,"Lizard, giant girdled",Male,Cordylus giganteus,Female
374283736220914,"Wallaby, bennett's",Male,Macropus rufogriseus,Female
5100143477592311,African lion,Female,Panthera leo,Male
3589138611388159,"Francolin, coqui",Female,Francolinus coqui,Female
3584527082346651,"Antechinus, brown",Female,Antechinus flavipes,Male
3539882580122468,Carmine bee-eater,Female,Merops nubicus,Male
201808417826230,Currasow (unidentified),Male,Crax sp.,Female
30433902361358,"Deer, mule",Male,Odocoileus hemionus,Male
6761976237914715,"Moccasin, water",Male,Agkistrodon piscivorus,Male
6709461983876527085,"Heron, yellow-crowned night",Male,Nyctanassa violacea,Male
3588362720343845,Chital,Male,Axis axis,Female
3541627893368449,"Coatimundi, white-nosed",Male,Nasua narica,Female
4026425626673884,Violet-crested turaco,Male,Tauraco porphyrelophus,Male
3530898442263612,"Woodcock, american",Male,Scolopax minor,Male
5048376668143560,Oriental white-backed vulture,Male,Gyps bengalensis,Female
5602255425732501,"Lizard, frilled",Female,Chlamydosaurus kingii,Male
374288360774201,"Tamandua, southern",Female,Tamandua tetradactyla,Female
5328237436019121,Vervet monkey,Male,Cercopithecus aethiops,Male
5343123066815726,"Oryx, beisa",Female,Oryx gazella,Male
5602236338253264,"Phalarope, grey",Female,Phalaropus fulicarius,Female
3585205867164644,"Hyena, striped",Female,Hyaena hyaena,Female
201843394235212,Trumpeter swan,Female,Cygnus buccinator,Female
5590910669923828,Grey phalarope,Female,Phalaropus fulicarius,Female
3567119165299709,Lesser mouse lemur,Female,Microcebus murinus,Female
560221451111967528,"Bird, secretary",Female,Sagittarius serpentarius,Male
5199000116521071,"Constrictor, eastern boa",Female,Acrantophis madagascariensis,Male
30377277809915,"Tortoise, burmese brown mountain",Female,Manouria emys,Female
3583937783329669,"Fox, north american red",Female,Vulpes vulpes,Male
3588171896810291,Long-tailed spotted cat,Female,Felis wiedi or Leopardus weidi,Male
4917239223222777,Waved albatross,Female,Diomedea irrorata,Female
5641825745177216,Indian jackal,Male,Canis aureus,Male
4041375882065,Greater blue-eared starling,Male,Lamprotornis chalybaeus,Female
5161901550032927,Guerza,Male,Colobus guerza,Female
6373643925005988,"Stork, greater adjutant",Male,Leptoptilus dubius,Male
5048376317453782,"Cormorant, little",Female,Phalacrocorax niger,Female
6304605241527718,"Crake, african black",Female,Limnocorax flavirostra,Female
6396287668190590,Miner's cat,Female,Bassariscus astutus,Male
5251995917602316,Southern sea lion,Male,Otaria flavescens,Female
3549912221691841,"Cow, scottish highland",Male,Bos taurus,Male
337941480296424,"Parrot, hawk-headed",Male,Deroptyus accipitrinus,Male
675948043723956862,"Booby, masked",Male,Sula dactylatra,Female
201939860646112,Goliath heron,Female,Ardea golieth,Male
30460402950158,"Vulture, oriental white-backed",Female,Gyps bengalensis,Male
376536308382885,"Elk, Wapiti",Female,Cervus canadensis,Female
3552070365169381,"Dove, galapagos",Male,Zenaida galapagoensis,Male
5020512425285581,"Hawk, galapagos",Female,Buteo galapagoensis,Female
3538008216101939,"Elephant, african",Male,Loxodonta africana,Male
3581615665971319,Southern lapwing,Male,Vanellus chilensis,Female
3542977489531218,Margay,Female,Felis wiedi or Leopardus weidi,Female
3582467816260716,Gemsbok,Female,Oryx gazella,Male
3535786805366400,"Macaw, blue and yellow",Female,Ara ararauna,Male
4175004378705985,Water moccasin,Female,Agkistrodon piscivorus,Female
3563144111862263,Red-tailed cockatoo,Female,Calyptorhynchus magnificus,Female
4936114232438861,Wild turkey,Female,Meleagris gallopavo,Female
3564914905086082,"Ringtail, common",Male,Pseudocheirus peregrinus,Male
3584128707982861,"Phalarope, red-necked",Male,Phalaropus lobatus,Male
374622869191212,Common rhea,Male,Rhea americana,Female
3576485714283257,Eastern indigo snake,Female,Drymarchon corias couperi,Male
30476939146250,"Penguin, galapagos",Male,Spheniscus mendiculus,Female
3536918436672182,Black-fronted bulbul,Female,Pycnonotus nigricans,Female
4905055197194014,Eastern fox squirrel,Male,Sciurus niger,Female
3576236158801611,Short-beaked echidna,Male,Tachyglossus aculeatus,Female
3537080092797479,Leopard,Female,Panthera pardus,Female
3545747295850483,Red and blue macaw,Male,Ara chloroptera,Female
3559637286588932,Cape fox,Male,Vulpes chama,Female
3559826809729715,Radiated tortoise,Male,Geochelone radiata,Female
201475095780046,Peregrine falcon,Male,Falco peregrinus,Female
201725487290446,Horned lark,Male,Eremophila alpestris,Male
370123213078605,"Bear, grizzly",Female,Ursus arctos,Male
3558043288753767,Rainbow lory,Male,Trichoglossus haematodus moluccanus,Male
560225771223301985,Common boubou shrike,Male,Laniarius ferrugineus,Male
30360404094742,Southern lapwing,Male,Vanellus chilensis,Female
5494770302899000,"Jacana, african",Female,Actophilornis africanus,Male
3576222616715007,"Cat, cape wild",Male,Felis libyca,Male
5010126587646217,"Dragon, frilled",Male,Chlamydosaurus kingii,Female
3536046594674038,"Buffalo, wild water",Male,Bubalus arnee,Female
3543378826867861,Weeper capuchin,Male,Cebus nigrivittatus,Female
3532459487694803,"Viper, egyptian",Male,Naja haje,Female
561009062143908244,"Porcupine, north american",Male,Erethizon dorsatum,Male
3578054009933972,Burchell's gonolek,Female,Laniaurius atrococcineus,Male
30318316887553,Rhesus macaque,Female,Macaca mulatta,Female
3580567977868918,"Heron, goliath",Male,Ardea golieth,Female
3556675193754265,Red howler monkey,Female,Alouatta seniculus,Male
3580746487306201,"Legaan, Monitor (unidentified)",Female,Varanus sp.,Male
3553997209541723,"Lizard, giant girdled",Female,Cordylus giganteus,Female
3552690353368032,Old world fruit bat (unidentified),Male,unavailable,Male
30143346681341,"Goose, egyptian",Female,Alopochen aegyptiacus,Female
30034889194141,"Macaque, pig-tailed",Female,Macaca nemestrina,Male
3586124130895000,Blue-tongued lizard,Female,Tiliqua scincoides,Female
5100135259904425,Fisher,Female,Martes pennanti,Male
3550410821784237,"Otter, african clawless",Female,Aonyx capensis,Male
3532758587666847,"Kiskadee, great",Male,Pitangus sulphuratus,Male
3580090082776298,"Squirrel, golden-mantled ground",Female,Spermophilus lateralis,Female
3531833926873932,Common shelduck,Female,Tadorna tadorna,Female
3567286087232249,Lapwing (unidentified),Male,Vanellus sp.,Female
6761528888708605,"Squirrel, arctic ground",Male,Spermophilus parryii,Female
6333464708344620,"Lory, rainbow",Female,Trichoglossus haematodus moluccanus,Female
3589263654025086,"Kingfisher, pied",Male,Ceryle rudis,Male
3556220158074571,"Quoll, spotted-tailed",Female,Dasyurus maculatus,Female
4917812361900105,"Stilt, black-winged",Female,Himantopus himantopus,Female
5108753842767786,Wild boar,Male,Sus scrofa,Male
3536416387226678,Gulls (unidentified),Male,Larus sp.,Male
5602252407300373,Silver-backed jackal,Female,Canis mesomelas,Male
560224101845258424,Spotted wood sandpiper,Female,Tringa glareola,Male
3548482167274664,Black-backed magpie,Male,Gymnorhina tibicen,Male
3546713536089280,"Legaan, ground",Female,Varanus sp.,Male
3528427483569796,"Cormorant, pied",Female,Phalacrocorax varius,Male
3558721153736518,Crested porcupine,Male,Hystrix cristata,Female
560222288799187261,North American red fox,Male,Vulpes vulpes,Female
3573351247884396,Topi,Female,Damaliscus lunatus,Female
3571392975018932,Tawny frogmouth,Female,Podargus strigoides,Female
3560700488489296,"Pie, indian tree",Female,Dendrocitta vagabunda,Female
3565727844541481,Bald eagle,Female,Haliaeetus leucocephalus,Female
4175001518704696,"Vulture, king",Female,Sarcorhamphus papa,Male
3563223123032105,"Booby, blue-footed",Male,Sula nebouxii,Female
5602222464332338,"Badger, honey",Female,Mellivora capensis,Female
63041748631049296,"Badger, eurasian",Female,Meles meles,Female
677174265463775431,"Gorilla, western lowland",Male,Gorilla gorilla,Female
676121981825528716,Water moccasin,Male,Agkistrodon piscivorus,Male
3568408051972027,"Squirrel, arctic ground",Female,Spermophilus parryii,Female
3533584753375594,"Rattlesnake, eastern diamondback",Male,Crotalus adamanteus,Female
3530403609472484,"Lion, asian",Male,Panthera leo persica,Male
30154813265054,Ocelot,Female,Felis pardalis,Female
201937494368053,"Dove, rock",Female,Columba livia,Female
676106752747715049,Galapagos tortoise,Male,Geochelone elephantopus,Male
30472044351158,"Reedbuck, bohor",Female,Redunca redunca,Male
30386498294823,"Stork, greater adjutant",Female,Leptoptilus dubius,Male
3532470582130619,"Lion, south american sea",Male,Otaria flavescens,Female
6333103881407309945,Rainbow lory,Male,Trichoglossus haematodus moluccanus,Female
30230433513089,"Macaw, scarlet",Male,Ara macao,Female
3531691551806407,Emerald-spotted wood dove,Female,Turtur chalcospilos,Female
5441836645166540,Barrows goldeneye,Male,Bucephala clangula,Female
3543094032742968,"Grenadier, common",Female,Uraeginthus granatina,Female
5108752086586837,Javanese cormorant,Female,Phalacrocorax niger,Male
372301972429775,Black-capped chickadee,Female,Parus atricapillus,Female
3554546980040410,Arctic tern,Male,Sterna paradisaea,Male
676317688567335119,American black bear,Female,Ursus americanus,Female
3549782028967938,Monitor lizard (unidentified),Female,Varanus sp.,Female
3565217320378418,Trumpeter swan,Male,Cygnus buccinator,Female
5522176345946996,"Jackrabbit, white-tailed",Male,Lepus townsendii,Female
201786518671897,Yellow-billed hornbill,Male,Tockus flavirostris,Male
3559556787648658,Red-knobbed coot,Female,Fulica cristata,Female
201933319206412,Yellow mongoose,Female,Cynictis penicillata,Female
3539346454493330,"Antechinus, brown",Male,Antechinus flavipes,Female
201676551613734,"Barbet, levaillant's",Female,Trachyphonus vaillantii,Male
502017559814246790,Common mynah,Male,Acridotheres tristis,Female
4041590505858707,"Tinamou, elegant crested",Female,Eudromia elegans,Male
3566842109611512,"Eagle, bald",Male,Haliaeetus leucocephalus,Female
675950746235160907,Asian openbill,Male,Anastomus oscitans,Male
3530723534747910,"Bleu, red-cheeked cordon",Female,Uraeginthus bengalus,Male
4405164828408739,"Skua, long-tailed",Female,Stercorarius longicausus,Female
56022594565431747,Sidewinder,Male,Crotalus cerastes,Male
3581604545249716,"Elk, Wapiti",Female,Cervus canadensis,Male
4911688025630189157,Grey phalarope,Female,Phalaropus fulicarius,Female
201431793902564,Oribi,Female,Ourebia ourebi,Male
201662191686942,"Phascogale, brush-tailed",Female,Phascogale tapoatafa,Male
5602250398902470,Burchell's gonolek,Male,Laniaurius atrococcineus,Female
4913609259422646,"Whale, baleen",Male,Eubalaena australis,Male
490537914781252967,Brush-tailed phascogale,Male,Phascogale tapoatafa,Male
633451663266959979,Lesser flamingo,Male,Phoeniconaias minor,Male
56022484613617606,"Dunnart, fat-tailed",Male,Smithopsis crassicaudata,Female
3540072816487359,Black-backed magpie,Male,Gymnorhina tibicen,Female
3535220460352364,"Penguin, magellanic",Male,Spheniscus magellanicus,Male
3552180982158996,"Eagle, pallas's fish",Female,Haliaeetus leucoryphus,Female
3550412571557920,"Deer, white-tailed",Male,Odocoilenaus virginianus,Female
5610393348402777,Mountain duck,Female,Hymenolaimus malacorhynchus,Female
6767725670665381416,Western spotted skunk,Female,Spilogale gracilis,Male
501859896463739177,"Ox, musk",Male,Ovibos moschatus,Female
4911428078281286025,Pallas's fish eagle,Female,Haliaeetus leucoryphus,Male
3574428020397751,"Cat, european wild",Female,Felis silvestris lybica,Male
3579313117082281,Cape clawless otter,Male,Aonyx capensis,Male
3575115154977701,"Eagle, bald",Male,Haliaeetus leucocephalus,Female
3571094002830863,"Porcupine, north american",Male,Erethizon dorsatum,Male
3580277953609449,Galapagos penguin,Female,Spheniscus mendiculus,Female
3576048724661126,Yellow-throated sandgrouse,Male,Pterocles gutturalis,Female
3532435345363682,"Fox, asian red",Female,Vulpes vulpes,Male
3578137862723109,"Monkey, red howler",Male,Alouatta seniculus,Female
4222163741909,"Penguin, fairy",Female,Eudyptula minor,Male
3581818994373005,Bird (unidentified),Female,unavailable,Male
30098616583959,Northern elephant seal,Male,Mirounga angustirostris,Female
0604563857253535,"Lemur, grey mouse",Male,Microcebus murinus,Male
3565037955733871,"Monitor, white-throated",Male,Varanus albigularis,Female
201582680950890,Long-necked turtle,Female,Chelodina longicollis,Male
503895263611109179,Striped hyena,Female,Hyaena hyaena,Male
201805770029030,Western palm tanager (unidentified),Female,unavailable,Female
3559275670453395,African snake (unidentified),Male,unavailable,Male
3548304542525992,"Langur, common",Female,Semnopithecus entellus,Male
633110075964182783,"Cat, civet",Female,Bassariscus astutus,Female
5602246825683667,White-throated monitor,Female,Varanus albigularis,Female
4405133413750169,"Langur, gray",Male,Semnopithecus entellus,Male
3530089148493832,"Gull, southern black-backed",Male,Larus dominicanus,Female
3538786591267660,"Cormorant, large",Male,Phalacrocorax carbo,Female
374288206824178,"Raven, white-necked",Male,Corvus albicollis,Female
5219509284713670,"Badger, american",Female,Taxidea taxus,Female
30059398468728,Galapagos albatross,Male,Diomedea irrorata,Male
633445031248444875,Golden-mantled ground squirrel,Male,Spermophilus lateralis,Female
3580294774337258,"Duck, comb",Male,Sarkidornis melanotos,Female
3545600631598102,"Waxbill, violet-eared",Male,Uraeginthus granatina,Female
3560159481397685,"Wallaby, dama",Female,Macropus eugenii,Male
6762369013516722185,Steenbok,Male,Raphicerus campestris,Female
3543939219751549,"Squirrel, eurasian red",Female,Sciurus vulgaris,Male
6763533729867586973,"Skua, great",Male,Catharacta skua,Female
4508348993315987,Canadian river otter,Male,Lutra canadensis,Male
6333169444007551,"Jacana, african",Male,Actophilornis africanus,Female
56022573650455340,"Shrike, crimson-breasted",Male,Laniaurius atrococcineus,Male
5108752982488823,Ostrich,Male,Struthio camelus,Female
3574372712498164,"Cliffchat, mocking",Female,Thamnolaea cinnmomeiventris,Female
4041372735563,"Vulture, black",Male,Aegypius tracheliotus,Female
6767150650569001082,"Marshbird, brown and yellow",Male,Pseudoleistes virescens,Female
503854286853301526,"Gecko, bent-toed",Female,Cyrtodactylus louisiadensis,Female
3576119911882518,"Otter, small-clawed",Female,Aonyx cinerea,Male
3534487461301671,Grey lourie,Male,Lorythaixoides concolor,Female
3567359719795477,Meerkat,Female,Suricata suricatta,Male
201744083006429,"Tern, white-winged",Male,Chlidonias leucopterus,Female
3572906648911691,"Screamer, crested",Female,Chauna torquata,Male
3581153021779168,"Wallaby, whip-tailed",Male,Macropus parryi,Female
4041375688942,Common melba finch,Female,Pytilia melba,Male
490569064489677668,"Robin, white-throated",Male,Irania gutteralis,Male
3530981096476001,"Deer, roe",Male,Capreolus capreolus,Male
5513085515807758,"Porcupine, african",Female,Hystrix cristata,Male
4905101981963212,"Porcupine, african",Female,Hystrix cristata,Female
3583051551291612,Ibex,Female,Capra ibex,Male
3540903046847436,Cape raven,Male,Corvus albicollis,Female
201575757046790,"Phalarope, red-necked",Male,Phalaropus lobatus,Male
3585117036964012,Dark-winged trumpeter,Female,Psophia viridis,Female
5575904217003562,Collared lizard,Male,Crotaphytus collaris,Male
3580528825683677,Herring gull,Male,unavailable,Female
5100131883836547,Spotted-tailed quoll,Female,Dasyurus maculatus,Female
560222306913449001,African darter,Female,Anhinga rufa,Female
56022234259478189,"Pademelon, red-legged",Male,Thylogale stigmatica,Male
337941357126167,Greater flamingo,Male,Phoenicopterus ruber,Male
3559049697897318,North American beaver,Male,Castor canadensis,Male
5559581539643109,"Cat, native",Female,Dasyurus viverrinus,Female
3558072373689008,"Eagle, bald",Male,Haliaeetus leucocephalus,Male
67624812557082685,Javanese cormorant,Female,Phalacrocorax niger,Female
676344146672721274,Tayra,Male,Eira barbata,Male
503856661132845998,"Cat, long-tailed spotted",Female,Felis wiedi or Leopardus weidi,Female
3571635167038781,"Tortoise, asian foreset",Male,Manouria emys,Male
4913854139132573,Vine snake (unidentified),Female,Oxybelis sp.,Male
6759667967252015481,"Polecat, african",Female,Ictonyx striatus,Male
676309384195593812,Blue waxbill,Female,Uraeginthus angolensis,Male
3531147995201168,Levaillant's barbet,Male,Trachyphonus vaillantii,Female
3568492814733272,White-faced whistling duck,Female,Dendrocygna viduata,Female
30321149191771,"Owl, white-browed",Male,Ninox superciliaris,Female
372504707160678,Mocking cliffchat,Female,Thamnolaea cinnmomeiventris,Female
374283207709700,Grizzly bear,Female,Ursus arctos,Female
3583284313408469,Bohor reedbuck,Male,Redunca redunca,Male
374283563938281,Savannah deer (unidentified),Male,unavailable,Female
4017959293499,"Weaver, sociable",Female,Philetairus socius,Female
3565238969862934,Mexican boa,Male,Boa constrictor mexicana,Male
3584267830608132,Dingo,Female,Canis dingo,Female
56022358783755315,Thirteen-lined squirrel,Female,Spermophilus tridecemlineatus,Male
371269960572925,Common wolf,Female,Canis lupus,Male
201718478520061,Javan gold-spotted mongoose,Female,Herpestes javanicus,Male
630427394232196978,American bison,Male,Bison bison,Male
3575482469517972,Crab-eating raccoon,Male,Procyon cancrivorus,Female
3557978640339204,Ring-tailed possum,Female,Pseudocheirus peregrinus,Female
30396905608408,Cook's tree boa,Male,Corallus hortulanus cooki,Female
4913622796871282,Common boubou shrike,Female,Laniarius ferrugineus,Male
502005758040974241,"Beaver, american",Female,Castor canadensis,Male
3536401473922802,Steller sea lion,Male,Eumetopias jubatus,Female
201444427354656,Kongoni,Female,Alcelaphus buselaphus cokii,Female
3586173593882989,"Owl, great horned",Male,Bubo virginianus,Female
5641823008570106520,"Bear, american black",Male,Ursus americanus,Female
5602224291673363,"Lechwe, kafue flats",Male,Kobus leche robertsi,Male
633110163013106340,Neotropic cormorant,Male,Phalacrocorax brasilianus,Male
4913192815482115,"Turkey, wild",Female,Meleagris gallopavo,Female
371711836948896,"Gorilla, western lowland",Female,Gorilla gorilla,Male
3554746644417554,Currasow (unidentified),Male,Crax sp.,Male
5423210597217887,"Meerkat, red",Female,Cynictis penicillata,Female
5448431726763473,Tyrant flycatcher,Female,Myiarchus tuberculifer,Female
50182062792682093,Desert kangaroo rat,Female,Dipodomys deserti,Female
3579876233410669,"Hare, arctic",Female,Lepus arcticus,Female
5106463756987329,"Nutcracker, clark's",Male,Nucifraga columbiana,Male
3569197408159524,Common boubou shrike,Male,Laniarius ferrugineus,Female
67598265742634096,"Cat, jungle",Male,Felis chaus,Female
3589042551070902,"Cat, cape wild",Male,Felis libyca,Male
3550690305419232,Common genet,Male,Genetta genetta,Female
201992302016394,Great egret,Male,Casmerodius albus,Female
5139611529790617,"Teal, hottentot",Female,Anas punctata,Female
3544522204895817,American crow,Male,Corvus brachyrhynchos,Female
3587018390574124,"Tapir, brazilian",Female,Tapirus terrestris,Male
3572280496747486,Giant otter,Female,Pteronura brasiliensis,Female
4903796378593357287,"Deer, red",Female,Cervus elaphus,Male
6759006366130031622,"Egret, snowy",Male,Egretta thula,Female
3548589932955193,"Barbet, crested",Male,Trachyphonus vaillantii,Female
3550196289836193,Currasow (unidentified),Female,Crax sp.,Female
4175008191585474,Great egret,Male,Casmerodius albus,Female
560223711812403836,"Cliffchat, mocking",Male,Thamnolaea cinnmomeiventris,Male
3543325490248241,Red-tailed hawk,Male,Buteo jamaicensis,Male
3545852048131346,Common raccoon,Female,Procyon lotor,Male
3545815211365686,"Gull, southern black-backed",Female,Larus dominicanus,Male
3556852866680909,"Trumpeter, dark-winged",Female,Psophia viridis,Female
3538242352304482,Gecko (unidentified),Female,unavailable,Male
36433825974257,Brush-tailed rat kangaroo,Male,Bettongia penicillata,Female
4936257695019312,Roseate cockatoo,Male,Eolophus roseicapillus,Female
5397357994495632,"Antelope, four-horned",Female,Tetracerus quadricornis,Female
4175008526609833,Green-winged trumpeter,Female,Psophia viridis,Male
5100130219347062,"Sheep, stone",Female,Ovis dalli stonei,Male
560225071533234137,"Bee-eater, white-fronted",Female,Merops bullockoides,Male
3532636149637367,White-headed vulture,Male,Aegypius occipitalis,Female
4041371324052792,"Shelduck, european",Male,Tadorna tadorna,Female
3530755403955000,"Waxbill, blue",Male,Uraeginthus angolensis,Female
670971715323034064,"Peccary, white-lipped",Female,Tayassu pecari,Female
3567011055336115,Pacific gull,Female,Gabianus pacificus,Female
6376594355630042,Blue duck,Female,Hymenolaimus malacorhynchus,Male
5100144055623841,"Deer, savannah",Female,Mazama gouazoubira,Female
3559220459326784,"Kingfisher, white-throated",Male,Halcyon smyrnesis,Male
3536824298525460,"Hartebeest, coke's",Male,Alcelaphus buselaphus cokii,Female
5602233702517143,Common wallaroo,Male,Macropus robustus,Female
5100147242041652,Blue-tongued lizard,Male,Tiliqua scincoides,Female
3563990470267605,Common genet,Female,Genetta genetta,Male
4905083608812008,Urial,Male,Ovis orientalis,Male
3537397368709958,"Stork, black-necked",Female,Ephippiorhynchus mycteria,Male
3534919529938664,"Lizard, mexican beaded",Male,Heloderma horridum,Female
3554848255438893,Brolga crane,Female,Grus rubicundus,Male
3571395291774468,Canadian tiger swallowtail butterfly,Male,Papilio canadensis,Male
3575082630442785,Greylag goose,Male,Anser anser,Male
3559778941865701,"Eagle, african fish",Female,Haliaetus vocifer,Female
3537334350698733,Fat-tailed dunnart,Male,Smithopsis crassicaudata,Female
3562620966901901,"Eagle, pallas's fish",Female,Haliaeetus leucoryphus,Male
5108754901484073,"Flamingo, roseat",Female,Phoenicopterus ruber,Male
3564903289827310,"Porcupine, tree",Male,Coendou prehensilis,Male
3542213712852191,White-throated robin,Male,Irania gutteralis,Male
501836164591058426,"Crane, brolga",Male,Grus rubicundus,Female
670968150946515528,"Gecko, tokay",Male,Gekko gecko,Male
4017956387924638,Komodo dragon,Male,Varanus komodensis,Male
3560674190137503,Red squirrel,Female,Tamiasciurus hudsonicus,Male
30542825513083,"Armadillo, giant",Male,Priodontes maximus,Female
3580730475553776,Green-winged macaw,Male,Ara chloroptera,Female
5020301102189025862,Verreaux's sifaka,Male,Propithecus verreauxi,Male
3533947561709652,"Skimmer, four-spotted",Female,Libellula quadrimaculata,Female
67061789246917671,Steenbuck,Female,Raphicerus campestris,Female
560224991372192560,Australian spiny anteater,Female,Tachyglossus aculeatus,Male
3535271445102010,Four-spotted skimmer,Male,Libellula quadrimaculata,Female
3535787398626804,American Virginia opossum,Male,Didelphis virginiana,Female
3560036006618193,"Porcupine, indian",Male,Hystrix indica,Male
3580441382791349,Eastern white pelican,Male,Pelecans onocratalus,Female
4405007820304937,"Kangaroo, black-faced",Female,Macropus fuliginosus,Male
30561497015953,"Waterbuck, common",Female,Kobus defassa,Female
30153402159025,Gray duiker,Female,Sylvicapra grimma,Male
30507366221859,African darter,Male,Anhinga rufa,Female
3531045146397036,Desert kangaroo rat,Male,Dipodomys deserti,Female
3562997029822005,Dingo,Female,Canis dingo,Female
5602240328408466,"Cockatoo, roseate",Male,Eolophus roseicapillus,Female
3540846156848589,"Monkey, rhesus",Male,Macaca mulatta,Male
4175005972157879,"Fox, crab-eating",Female,Dusicyon thous,Female
4041591883467,Land iguana,Female,Conolophus subcristatus,Female
3566290062027690,Common rhea,Male,Rhea americana,Female
3589139270938037,South African hedgehog,Female,Erinaceus frontalis,Female
4405343709847609,Euro wallaby,Male,Macropus robustus,Male
374622581244380,Spotted deer,Female,Axis axis,Female
3536913544115588,"Wallaby, euro",Male,Macropus robustus,Male
341423400420388,Steller's sea lion,Male,Eumetopias jubatus,Female
374283593287717,Silver gull,Female,Larus novaehollandiae,Male
341433060988194,Bush dog,Female,Speothos vanaticus,Male
201781055418323,Square-lipped rhinoceros,Female,Ceratotherium simum,Male
4233642638085043,Red-billed buffalo weaver,Female,Bubalornis niger,Male
3571982709729943,Superb starling,Female,Lamprotornis superbus,Male
6304768250908082780,Tiger,Male,Panthera tigris,Female
4917271861446533,Glossy starling (unidentified),Male,Lamprotornis sp.,Male
5591419605836283,Southern lapwing,Female,Vanellus chilensis,Female
5251922155972524,"Armadillo, nine-banded",Female,Dasypus novemcinctus,Male
201949092391015,"Waterbuck, common",Female,Kobus defassa,Female
5592653978091022,Australian sea lion,Male,Neophoca cinerea,Male
56107988145028742,Marabou stork,Male,Leptoptilos crumeniferus,Male
5408390521868861,"Tortoise, asian foreset",Male,Manouria emys,Male
630442060924391570,Crimson-breasted shrike,Female,Laniaurius atrococcineus,Male
3542215016401336,Serval,Male,Felis serval,Male
5602254774897965,Long-finned pilot whale,Male,Globicephala melas,Male
63040572157536333,Four-horned antelope,Female,Tetracerus quadricornis,Female
6304237441518535,Black-backed magpie,Female,Gymnorhina tibicen,Female
3557324586689981,Agouti,Female,Dasyprocta leporina,Male
3576362226417444,Darwin ground finch (unidentified),Female,Geospiza sp.,Male
6767538076629669614,"Bustard, denham's",Female,Neotis denhami,Male
30499983239011,"Partridge, coqui",Male,Francolinus coqui,Male
3542315328345674,Great white pelican,Male,Pelecans onocratalus,Female
4041375385952329,"Rhinoceros, black",Male,Diceros bicornis,Male
3554915895157405,Radiated tortoise,Female,Geochelone radiata,Female
3534538848447940,Western patch-nosed snake,Female,Salvadora hexalepis,Male
3547642225561029,Paca,Female,Agouti paca,Male
560225903236322811,"Ibis, glossy",Male,Plegadis falcinellus,Male
3529756604667520,Bohor reedbuck,Male,Redunca redunca,Female
201514599396634,"Squirrel, arctic ground",Male,Spermophilus parryii,Female
5007663476112146,Red phalarope,Male,Phalaropus fulicarius,Male
201561884578020,Banded mongoose,Female,Mungos mungo,Female
4905580132028645344,Rock dove,Female,Columba livia,Male
4508630312528923,"Boa, cook's tree",Female,Corallus hortulanus cooki,Female
3582117745449704,"Lion, galapagos sea",Female,Zalophus californicus,Male
491197226853338643,"Spider, wolf",Female,Lycosa godeffroyi,Female
3585963801617933,Black vulture,Female,Aegypius tracheliotus,Female
490334556367170009,Jaguarundi,Female,Felis yagouaroundi,Female
3540937878183155,African buffalo,Female,Snycerus caffer,Female
4844137234031963,Eurasian hoopoe,Male,Upupa epops,Male
3532257389772838,Southern boubou,Male,Laniarius ferrugineus,Female
0604968422409704,Grant's gazelle,Female,Gazella granti,Female
3551715861445971,Rose-ringed parakeet,Female,Psittacula krameri,Male
5602219428310202,Blue racer,Female,Coluber constrictor foxii,Male
3577794696993745,Malagasy ground boa,Male,Acrantophis madagascariensis,Male
5048370251554952,White-mantled colobus,Male,Colobus guerza,Male
6706047256350419,"Toucan, red-billed",Male,Ramphastos tucanus,Male
4936298572995610847,Southern brown bandicoot,Female,Isoodon obesulus,Female
5018363647665000,Galapagos albatross,Male,Diomedea irrorata,Male
3540995116730955,"Gull, lava",Male,Larus fuliginosus,Male
4905620747956628939,"Dove, rock",Male,Columba livia,Male
490305375384656253,"Macaque, japanese",Male,Macaca fuscata,Male
3581828421969127,"Deer, swamp",Female,Cervus duvauceli,Female
5602259650885489,"Eagle, bald",Female,Haliaeetus leucocephalus,Female
5048370308636356,"Fox, north american red",Male,Vulpes vulpes,Male
3570283866235225,Curve-billed thrasher,Male,Toxostoma curvirostre,Female
4844586487834830,Clark's nutcracker,Female,Nucifraga columbiana,Female
5602248669387921150,"Dolphin, common",Female,Delphinus delphis,Female
5108751103483689,Onager,Male,Equus hemionus,Female
3528990668330862,Gecko (unidentified),Female,unavailable,Male
3534633973117812,River wallaby,Male,Macropus agilis,Female
4041379055403,"Heron, giant",Female,Ardea golieth,Female
374622443793335,Greater kudu,Female,Tragelaphus strepsiceros,Male
5463713681598337,Southern brown bandicoot,Female,Isoodon obesulus,Male
3542493575097262,"Rat, desert kangaroo",Female,Dipodomys deserti,Female
3536945237593689,Tiger snake,Female,Notechis semmiannulatus,Male
0604809312519816194,Burrowing owl,Female,Speotyte cuniculata,Female
5602212989632478,Galapagos tortoise,Female,Geochelone elephantopus,Male
3560752089353322,Black-eyed bulbul,Female,Pycnonotus barbatus,Female
201645565486189,Grey lourie,Female,Lorythaixoides concolor,Male
4175008197625258,"Cormorant, king",Male,Phalacrocorax albiventer,Female
3585249757824131,Rufous tree pie,Male,Dendrocitta vagabunda,Female
5010127274833332,Red-breasted nuthatch,Male,Sitta canadensis,Female
346315466218737,"Vulture, griffon",Male,Gyps fulvus,Male
201618416916472,Red-billed toucan,Male,Ramphastos tucanus,Male
3567634856128470,"Wombat, common",Male,Vombatus ursinus,Male
3581515203558232,Tammar wallaby,Male,Macropus eugenii,Male
5394196477745672,"Pie, rufous tree",Male,Dendrocitta vagabunda,Male
3545048604061957,Black-winged stilt,Male,Himantopus himantopus,Male
6334751761302191,Blue waxbill,Male,Uraeginthus angolensis,Male
5100148799562835,"Plover, three-banded",Female,Charadrius tricollaris,Female
3569306542420839,Agile wallaby,Male,Macropus agilis,Female
5254840149655285,"Sheep, red",Female,Ovis ammon,Male
3544006976300677,American woodcock,Female,Scolopax minor,Male
502031989796938241,Herring gull,Female,unavailable,Male
3544772783690499,Egyptian cobra,Female,Naja haje,Female
201415892715092,Denham's bustard,Female,Neotis denhami,Male
6759586635969908,Great skua,Male,Catharacta skua,Female
4175009317874602,African lion,Female,Panthera leo,Male
3540147543776850,"Lion, australian sea",Male,Neophoca cinerea,Male
3543549858690542,"Butterfly, tropical buckeye",Female,Junonia genoveua,Female
3569528026952538,Japanese macaque,Male,Macaca fuscata,Female
4936431062372469,Eurasian beaver,Female,Castor fiber,Male
4993279278446,Blue duck,Female,Hymenolaimus malacorhynchus,Female
3584075886396159,Red-necked phalarope,Male,Phalaropus lobatus,Male
5048370515000081,"Finch, common melba",Male,Pytilia melba,Male
30440817834668,"Bustard, denham's",Male,Neotis denhami,Female
5602259189017539,Square-lipped rhinoceros,Female,Ceratotherium simum,Female
30289804303462,Openbill stork,Female,Anastomus oscitans,Male
4508117149056781,Fork-tailed drongo,Female,Dicrurus adsimilis,Female
4844145226776123,"Seal, southern elephant",Male,Mirounga leonina,Male
3569962270849621,European shelduck,Female,Tadorna tadorna,Female
201626107660572,African elephant,Female,Loxodonta africana,Female
346111584440034,Blue catfish,Male,Ictalurus furcatus,Male
3563071800489092,Numbat,Male,Myrmecobius fasciatus,Male
3528351453321980,"Otter, giant",Female,Pteronura brasiliensis,Male
201469712790850,Red and blue macaw,Female,Ara chloroptera,Male
3543604340083515,"Civet, common palm",Male,Paradoxurus hermaphroditus,Female
3530039230379829,Savannah deer (unidentified),Male,unavailable,Female
5598864267078653,Lava gull,Female,Larus fuliginosus,Female
3576402360963926,"Langur, hanuman",Male,Semnopithecus entellus,Male
201793323941119,"Monitor, two-banded",Female,Varanus salvator,Male
3551416724646406,Paradoxure,Female,Paradoxurus hermaphroditus,Male
3557133336130745,Steenbok,Female,Raphicerus campestris,Female
50383023644315339,"Openbill, asian",Female,Anastomus oscitans,Male
3528345219217664,Egyptian goose,Male,Alopochen aegyptiacus,Female
630400827374943088,Southern black-backed gull,Female,Larus dominicanus,Male
3572749645994017,Wild boar,Male,Sus scrofa,Male
5602250745066219,"Echidna, short-beaked",Male,Tachyglossus aculeatus,Male
3535266780510124,"Wallaby, tammar",Female,Macropus eugenii,Male
63044253708707790,"Cormorant, large",Male,Phalacrocorax carbo,Male
5602230285317347,Asian openbill,Male,Anastomus oscitans,Female
4026569799366923,"Legaan, water",Male,Varanus salvator,Female
5641825560606216,"Lizard, mexican beaded",Male,Heloderma horridum,Male
3543056169238201,Barrows goldeneye,Male,Bucephala clangula,Male
3551728179737799,Frog (unidentified),Male,Rana sp.,Female
3543800774368956,Blue and gold macaw,Male,Ara ararauna,Male
4405592624206602,"Bushbaby, large-eared",Male,Galago crassicaudataus,Male
6304924667840724933,"Porcupine, indian",Male,Hystrix indica,Female
3529468487760303,Red kangaroo,Female,Macropus rufus,Female
589387959706300581,African snake (unidentified),Female,unavailable,Female
3554157525648665,"Puffin, horned",Male,Fratercula corniculata,Male
30186268082501,Dassie,Male,Dendrohyrax brucel,Male
4844469899708290,"Jackal, asiatic",Male,Canis aureus,Female
4026513899017895,"Sloth, pale-throated three-toed",Female,Bradypus tridactylus,Female
060481883212208061,Dabchick,Female,Tachybaptus ruficollis,Male
3584607292151875,"Lion, mountain",Male,Felis concolor,Male
3539272765843510,Common wallaroo,Female,Macropus robustus,Male
337941997908412,Mountain duck,Male,Hymenolaimus malacorhynchus,Female
3562880651577792,Square-lipped rhinoceros,Male,Ceratotherium simum,Male
36901920913834,"Meerkat, red",Male,Cynictis penicillata,Female
5602226817656335,"Starling, cape",Male,Lamprotornis nitens,Female
3531285840520331,Javan gold-spotted mongoose,Female,Herpestes javanicus,Male
3589320730012486,"White-eye, pale",Male,Zosterops pallidus,Female
6383172922059051,Black-capped chickadee,Male,Parus atricapillus,Female
341621864437984,"Cockatoo, roseate",Female,Eolophus roseicapillus,Female
5100144608657205,"Woodpecker, red-headed",Female,Melanerpes erythrocephalus,Male
5602249175020134,"Crow, house",Female,Corvus brachyrhynchos,Female
3557867645895270,"Kangaroo, red",Male,Macropus rufus,Female
5007663739743455,"Dog, bush",Female,Speothos vanaticus,Female
3544920516146913,"Squirrel, smith's bush",Male,Paraxerus cepapi,Female
30547133721955,Scottish highland cow,Female,Bos taurus,Female
3577913319913027,"Frogmouth, tawny",Male,Podargus strigoides,Female
379987798743168,Spotted-tailed quoll,Female,Dasyurus maculatus,Female
3557284466632313,"Snake, buttermilk",Female,Coluber constrictor,Female
374288723879929,Western pygmy possum,Male,Cercatetus concinnus,Female
376853476924582,Sacred ibis,Male,Threskionis aethiopicus,Female
4917826820285411,"Cat, native",Male,Dasyurus viverrinus,Female
3571806402167590,Red deer,Male,Cervus elaphus,Female
6304263166371284713,Ring-tailed coatimundi,Male,Nasua nasua,Male
3547766343886081,Mara,Female,Dolichitus patagonum,Male
3557842713538656,Crown of thorns starfish,Male,Acanthaster planci,Male
4026719581314421,Common eland,Male,Taurotagus oryx,Male
5407377963062468,"Cormorant, great",Female,Phalacrocorax carbo,Male
3577916217602493,Brown brocket,Female,Mazama gouazoubira,Male
5602251834258410,"Caracara, yellow-headed",Male,Milvago chimachima,Male
3551845378185271,"Quoll, eastern",Male,Dasyurus viverrinus,Male
6389523519897259,Fringe-eared oryx,Male,Oryx gazella callotis,Male
5560822599026638,"Chipmunk, least",Male,Eutamias minimus,Female
3534094248202428,Little blue penguin,Male,Eudyptula minor,Male
3569954540050627,"Cat, kaffir",Male,Felis silvestris lybica,Male
3556389148905507,African black crake,Female,Limnocorax flavirostra,Female
3582516671728751,"Lark, horned",Male,Eremophila alpestris,Female
201527466746665,European beaver,Male,Castor fiber,Female
6304612715764735406,"Peccary, collared",Male,Tayassu tajacu,Female
4844563289343948,Bahama pintail,Male,Anas bahamensis,Female
3557465206994796,Greater flamingo,Female,Phoenicopterus ruber,Female
67611318963543547,"Hawk, red-tailed",Male,Buteo jamaicensis,Male
5602241027689539,White rhinoceros,Female,Ceratotherium simum,Female
3584976006345101,Bent-toed gecko,Male,Cyrtodactylus louisiadensis,Male
56022440980098002,"Goldeneye, barrows",Male,Bucephala clangula,Female
3581878045728375,"Tortoise, asian foreset",Female,Manouria emys,Male
3542957971995626,White-winged black tern,Female,Chlidonias leucopterus,Male
3582363830999407,Olive baboon,Male,Papio cynocephalus,Male
3554611506882677,"Porcupine, indian",Male,Hystrix indica,Female
3555141912799009,"Quail, gambel's",Female,Callipepla gambelii,Male
5641820412268075,Ant (unidentified),Female,unavailable,Female
374622108508119,"Tortoise, radiated",Female,Geochelone radiata,Female
4913817594385085,"Monster, gila",Male,Heloderma horridum,Male
30339421435021,Silver-backed fox,Male,Vulpes chama,Male
3538249011001706,Grey phalarope,Male,Phalaropus fulicarius,Female
5602228968346264825,"Zorro, common",Female,Dusicyon thous,Male
3535206583507281,Ringtail,Male,Bassariscus astutus,Female
4917875343909817,King vulture,Female,Sarcorhamphus papa,Female
5108751547908440,Eurasian badger,Male,Meles meles,Female
374288991814350,"Mongoose, yellow",Male,Cynictis penicillata,Male
6763656276830190,"Bee-eater, white-fronted",Female,Merops bullockoides,Female
5187406072950697,"Deer, savannah",Male,Mazama gouazoubira,Female
5477787886574701,White-nosed coatimundi,Male,Nasua narica,Male
5100139998411981,"Fox, north american red",Male,Vulpes vulpes,Male
3565151032443725,"Crane, black-crowned",Female,Balearica pavonina,Female
5490497840967339,Cape wild cat,Male,Felis libyca,Female
30589447424298,"Sparrow, rufous-collared",Male,Zonotrichia capensis,Male
5641829931387005532,Lesser flamingo,Female,Phoeniconaias minor,Female
5602213480487586,"Mockingbird, galapagos",Female,Nesomimus trifasciatus,Female
4150715025325,Bonnet macaque,Male,Macaca radiata,Male
372301475985919,"Dolphin, striped",Female,Stenella coeruleoalba,Male
3540255033984734,Smith's bush squirrel,Female,Paraxerus cepapi,Male
5403563105211642,Black-throated butcher bird,Female,Cracticus nigroagularis,Female
560223604986204058,Black kite,Female,Milvus migrans,Female
4026171697223361,Eleven-banded armadillo (unidentified),Female,Cabassous sp.,Female
5602223173149443,"Blackbird, red-winged",Female,Agelaius phoeniceus,Female
5010126026243725,Hottentot teal,Male,Anas punctata,Female
3531561221796710,"Baboon, savanna",Male,Papio cynocephalus,Male
4936313052102786765,Black-cheeked waxbill,Female,Estrilda erythronotos,Male
30590190688659,"Owl, snowy",Male,Nyctea scandiaca,Male
4017958891230247,White-tailed deer,Female,Odocoilenaus virginianus,Female
3574170731958683,"Porcupine, north american",Female,Erethizon dorsatum,Male
3560269031957944,"Goldeneye, barrows",Female,Bucephala clangula,Male
5038508212000704,"Bulbul, black-fronted",Female,Pycnonotus nigricans,Male
3570030490781524,"Ringtail, common",Male,Pseudocheirus peregrinus,Female
6371938166755503,Cattle egret,Male,Bubulcus ibis,Female
3542475449738668,Blackish oystercatcher,Female,Haematopus ater,Male
5602220475601162,"Otter, oriental short-clawed",Male,Aonyx cinerea,Female
3583022348324404,"Sandgrouse, yellow-throated",Female,Pterocles gutturalis,Male
201669344952428,"Vulture, griffon",Female,Gyps fulvus,Female
4175001167623007,"Lemur, sportive",Female,Lepilemur rufescens,Male
3565314060776875,Hoary marmot,Female,Marmota caligata,Male
201776570271595,"Camel, dromedary",Female,Camelus dromedarius,Male
5010128991918224,Red-billed tropic bird,Male,Phaethon aethereus,Female
201667386641206,Crowned eagle,Male,Spizaetus coronatus,Male
36607850533894,"Toucan, white-throated",Male,Ramphastos tucanus,Male
4917689414322945,"Fox, savanna",Female,Dusicyon thous,Female
3587511297910151,"Sheathbill, snowy",Male,Chionis alba,Male
3540070749852194,"Fox, pampa gray",Female,Pseudalopex gymnocercus,Female
3539627288657236,"Moccasin, water",Male,Agkistrodon piscivorus,Female
6334783400362286,African skink,Male,Mabuya spilogaster,Female
5602244869395571815,Prairie falcon,Male,Falco mexicanus,Female
6304063697446712,Large cormorant,Female,Phalacrocorax carbo,Male
4903920035801966015,Yellow-crowned night heron,Female,Nyctanassa violacea,Male
3558868095414520,"Boa, malagasy ground",Male,Acrantophis madagascariensis,Female
374622692470536,"Lion, mountain",Female,Felis concolor,Female
6394327988513683,Mule deer,Female,Odocoileus hemionus,Male
6759646388302930288,"Fox, blue",Male,Alopex lagopus,Male
6767578994683725,Wattled crane,Male,Bugeranus caruncalatus,Male
6759787934785702,Tayra,Female,Eira barbata,Male
3582295633115163,"Barbet, levaillant's",Female,Trachyphonus vaillantii,Male
675947177514499426,"Cat, long-tailed spotted",Male,Felis wiedi or Leopardus weidi,Female
3548720734701648,"Gecko, bent-toed",Male,Cyrtodactylus louisiadensis,Male
3563237401664819,Square-lipped rhinoceros,Female,Ceratotherium simum,Female
50207898591308047,"Pelican, eastern white",Female,Pelecans onocratalus,Female
3554373299876313,"Marshbird, brown and yellow",Male,Pseudoleistes virescens,Male
3569659652385097,Black-fronted bulbul,Female,Pycnonotus nigricans,Female
3576695598077050,"Wallaby, tammar",Male,Macropus eugenii,Male
3588084555119369,Nile crocodile,Female,Crocodylus niloticus,Male
3575935764301947,Australian sea lion,Female,Neophoca cinerea,Female
5419322819511520,Pronghorn,Female,Antilocapra americana,Male
5365209888210130,"Cat, cape wild",Male,Felis libyca,Male
3544542453614495,Leadbeateri's ground hornbill,Male,Bucorvus leadbeateri,Male
4175000555669762,Lizard (unidentified),Female,unavailable,Male
337941615024824,"Seal, northern elephant",Female,Mirounga angustirostris,Female
6304896533372232,"Starling, cape",Female,Lamprotornis nitens,Female
6331100640948001,"Cat, civet",Male,Bassariscus astutus,Female
3540412151885496,Huron,Female,Galictis vittata,Female
3574765673794556,"Stork, saddle-billed",Female,Ephipplorhynchus senegalensis,Female
3576348318155562,"Otter, north american river",Female,Lutra canadensis,Male
50384966966267117,Azara's zorro,Male,Pseudalopex gymnocercus,Male
3554968911499236,"Colobus, black and white",Male,Colobus guerza,Female
676345607101828153,Oriental white-backed vulture,Male,Gyps bengalensis,Female
3555766994216058,Sable antelope,Male,Hippotragus niger,Male
3575396768483704,Tiger cat,Male,Dasyurus maculatus,Male
4026228555261295,Brush-tailed rat kangaroo,Male,Bettongia penicillata,Male
4911048431443272666,Pampa gray fox,Male,Pseudalopex gymnocercus,Male
4508685563041901,Crimson-breasted shrike,Female,Laniaurius atrococcineus,Male
3575726725036239,Galapagos penguin,Female,Spheniscus mendiculus,Female
5284430826131315,Dama wallaby,Male,Macropus eugenii,Male
3581555540089954,White-faced tree rat,Female,Echimys chrysurus,Male
6771863175901349049,Levaillant's barbet,Male,Trachyphonus vaillantii,Female
372545680128919,Common zebra,Male,Equus burchelli,Male
4026785001893765,"Woodcock, american",Female,Scolopax minor,Male
3536475382210046,Yellow-billed stork,Male,Mycteria ibis,Male
630435585719937863,Ovenbird,Male,Seiurus aurocapillus,Female
5641820292523333604,"Caracara, yellow-headed",Male,Milvago chimachima,Male
5610130040088425,"Fox, crab-eating",Female,Dusicyon thous,Male
56105538926860169,Alpaca,Female,Lama pacos,Female
6759114686232314,Galapagos penguin,Female,Spheniscus mendiculus,Male
3564721119389610,"Roadrunner, greater",Female,Geococcyx californianus,Male
3575357396271671,Asian foreset tortoise,Female,Manouria emys,Male
3579476684577627,Plains zebra,Male,Equus burchelli,Male
374622172102161,Common goldeneye,Female,Bucephala clangula,Female
6762310059247112,"Rhea, common",Female,Rhea americana,Female
4041371052806443,Verreaux's sifaka,Female,Propithecus verreauxi,Female
3567259267432475,"Cat, cape wild",Male,Felis libyca,Male
4041595576385548,Comb duck,Male,Sarkidornis melanotos,Female
3542881374474296,"Heron, gray",Male,Ardea cinerea,Female
3560488536262770,Long-tailed spotted cat,Female,Felis wiedi or Leopardus weidi,Female
3558177300748759,Verreaux's sifaka,Female,Propithecus verreauxi,Female
5610830011297369146,Southern white-crowned shrike,Male,Eurocephalus anguitimens,Male
675902240301376083,"Crane, sarus",Female,Grus antigone,Female
3585083297156252,Roseat flamingo,Female,Phoenicopterus ruber,Female
63042686747517815,Bird (unidentified),Male,unavailable,Female
5100139613152226,"Gecko, ring-tailed",Female,Cyrtodactylus louisiadensis,Male
30395423669827,Fork-tailed drongo,Male,Dicrurus adsimilis,Male
379527503844842,"Fox, grey",Male,Vulpes cinereoargenteus,Female
3576944565732077,"Lion, southern sea",Female,Otaria flavescens,Female
3553659487499111,"Weaver, chestnut",Male,Ploceus rubiginosus,Male
5366146117653541,African snake (unidentified),Female,unavailable,Female
4026848915357994,"Crane, sandhill",Male,Grus canadensis,Male
3553327716141686,Gemsbok,Female,Oryx gazella,Female
4405297712951412,Water legaan,Female,Varanus salvator,Female
676786154614195131,Red-cheeked cordon bleu,Male,Uraeginthus bengalus,Female
3588119512910433,Common duiker,Female,Sylvicapra grimma,Male
4936046596160592,Rhesus monkey,Male,Macaca mulatta,Female
3584350903932413,"Cat, toddy",Male,Paradoxurus hermaphroditus,Male
560223466650534412,"Stork, openbill",Female,Anastomus oscitans,Female
201781557771120,Long-tailed spotted cat,Male,Felis wiedi or Leopardus weidi,Male
3529941356669607,"Gull, silver",Male,Larus novaehollandiae,Male
3565601899358481,"Grenadier, purple",Male,Uraeginthus granatina,Male
56022527766062796,Brown brocket,Male,Mazama gouazoubira,Male
3579812601982575,Roseate cockatoo,Male,Eolophus roseicapillus,Female
3536885448781261,Little blue penguin,Male,Eudyptula minor,Male
50209863809392215,"Deer, barasingha",Female,Cervus duvauceli,Female
5108757019695332,"Cat, toddy",Female,Paradoxurus hermaphroditus,Female
345687218731667,"Kite, black",Female,Milvus migrans,Female
6391888095523355,"Porcupine, north american",Male,Erethizon dorsatum,Male
4041376644407,"Genet, small-spotted",Male,Genetta genetta,Male
30377516247521,"Crane, brolga",Female,Grus rubicundus,Female
5602226332601857,"Phalarope, red-necked",Female,Phalaropus lobatus,Male
374622073115049,Galapagos sea lion,Female,Zalophus californicus,Female
3576149790414505,White-tailed deer,Female,Odocoilenaus virginianus,Male
5479771086008874,Common palm civet,Male,Paradoxurus hermaphroditus,Female
3578616399003457,"Macaw, blue and gold",Male,Ara ararauna,Female
3532855467177109,Bare-faced go away bird,Male,Lorythaixoides concolor,Female
3539116735823963,Western patch-nosed snake,Male,Salvadora hexalepis,Female
3542712798192018,"Cormorant, pied",Male,Phalacrocorax varius,Female
30126019434015,"Lion, galapagos sea",Female,Zalophus californicus,Male
490568145704631639,Red-tailed phascogale,Female,Phascogale calura,Male
560222223881090479,Cape white-eye,Female,Zosterops pallidus,Female
561054756791677340,"Gecko, barking",Female,Phylurus milli,Male
30465282285708,"Snake, carpet",Male,Morelia spilotes variegata,Male
4175002601323915,"Swan, trumpeter",Female,Cygnus buccinator,Male
5324510693489789,Worm snake (unidentified),Male,Carphophis sp.,Female
3532592614588934,Common mynah,Female,Acridotheres tristis,Female
675961400611701275,Spectacled caiman,Female,Caiman crocodilus,Female
3564438168998726,Asian red fox,Female,Vulpes vulpes,Female
3565447050790736,"Bulbul, black-eyed",Female,Pycnonotus barbatus,Female
3567389347369924,"Cat, toddy",Male,Paradoxurus hermaphroditus,Male
3545123869194114,Indian porcupine,Male,Hystrix indica,Female
5487212298113889,Bengal vulture,Female,Gyps bengalensis,Male
6374515114623319,Python (unidentified),Male,unavailable,Male
3534889903126261,Paca,Female,Agouti paca,Male
3542201060424887,"Wolf, mexican",Female,Canis lupus baileyi,Female
6759175820864031,Blue-tongued skink,Female,Tiliqua scincoides,Female
3534196560385077,Turtle (unidentified),Male,unavailable,Female
3561060584957905,Malay squirrel (unidentified),Female,unavailable,Male
5018178768559620,Gray heron,Female,Ardea cinerea,Female
3530163825419129,Civet (unidentified),Male,unavailable,Male
58932171237291661,Defassa waterbuck,Male,Kobus defassa,Female
3567144747221971,Bare-faced go away bird,Female,Lorythaixoides concolor,Male
4917293546445243,Bengal vulture,Female,Gyps bengalensis,Female
374622212226251,"Fowl, helmeted guinea",Female,Numida meleagris,Female
374288822096722,"Mongoose, small indian",Female,Herpestes javanicus,Female
3562372729602380,Spotted hyena,Female,Crocuta crocuta,Female
3553074556128965,Red-tailed wambenger,Female,Phascogale calura,Male
3583828054473940,"Badger, european",Female,Meles meles,Female
3561339374368055,Blue wildebeest,Male,Connochaetus taurinus,Female
3551106935035701,"Cat, african wild",Female,Felis silvestris lybica,Male
5602246102801745411,"Spoonbill, european",Male,Platalea leucordia,Male
6383911128285329,House sparrow,Male,Passer domesticus,Female
3561673207806893,Mississippi alligator,Female,Alligator mississippiensis,Female
5462169239903415,Blacksmith plover,Male,Vanellus armatus,Female
3567537723558904,American woodcock,Female,Scolopax minor,Female
3560389017094296,"Deer, swamp",Female,Cervus duvauceli,Male
3546197957208894,Arctic lemming,Male,Dicrostonyx groenlandicus,Female
3578997513086952,White stork,Female,Ciconia ciconia,Male
30417732721071,Chuckwalla,Male,Sauromalus obesus,Male
3529712215436748,"Dunnart, fat-tailed",Male,Smithopsis crassicaudata,Male
30185263325634,"Falcon, prairie",Female,Falco mexicanus,Male
3550464585340900,"Goose, cereopsis",Female,Cereopsis novaehollandiae,Female
6384765950855784,Manatee,Female,Trichechus inunguis,Male
5002355287029156,"Owl, white-browed",Female,Ninox superciliaris,Male
201666543494251,Bleeding heart monkey,Male,Theropithecus gelada,Male
5100139203851724,"Admiral, indian red",Male,Vanessa indica,Male
5560254902550486,Brown pelican,Male,Pelecanus occidentalis,Female
3576342280218532,"Armadillo, giant",Male,Priodontes maximus,Female
3543912544252616,Red-winged blackbird,Male,Agelaius phoeniceus,Female
4913982205044958,Adouri (unidentified),Female,unavailable,Female
3582223050775509,American bighorn sheep,Female,Ovis canadensis,Female
3531720453166790,"Hen, sage",Female,Centrocercus urophasianus,Male
4844096947920377,Sarus crane,Male,Grus antigone,Female
4175007119350318,"Robin, kalahari scrub",Male,Certotrichas paena,Female
3570680067049091,Mountain lion,Male,Felis concolor,Male
3583152948938509,"Cobra, egyptian",Female,Naja haje,Male
3578858935735958,Asian red fox,Male,Vulpes vulpes,Male
4577884685440,"Shrike, crimson-breasted",Male,Laniaurius atrococcineus,Male
5314822693941145,"Bustard, stanley",Male,Neotis denhami,Male
6371189085820826,"Fox, crab-eating",Male,Dusicyon thous,Female
3586796240171289,"Jacana, african",Male,Actophilornis africanus,Female
30148531531342,"Whale, baleen",Female,Eubalaena australis,Female
3581030364391621,"Dove, emerald-spotted wood",Male,Turtur chalcospilos,Female
5602234358017859,"Bird, magnificent frigate",Female,Fregata magnificans,Female
3533693938601111,"Heron, striated",Male,Butorides striatus,Male
56100454955336805,"Baboon, yellow",Female,Papio cynocephalus,Male
3534946985145294,Blackish oystercatcher,Male,Haematopus ater,Male
3557929067803008,Cook's tree boa,Male,Corallus hortulanus cooki,Female
3567906729695590,Two-toed tree sloth,Male,Choloepus hoffmani,Male
3560946315979112,Bonnet macaque,Female,Macaca radiata,Male
6767462580681846242,Steenbuck,Male,Raphicerus campestris,Male
3587800371304591,Ocelot,Male,Felis pardalis,Male
3576384879454615,Sandhill crane,Male,Grus canadensis,Female
3579845932658498,"Fox, arctic",Male,Alopex lagopus,Female
201697274707181,Numbat,Female,Myrmecobius fasciatus,Female
3573772039021337,African buffalo,Female,Snycerus caffer,Female
3576141188642623,Barasingha deer,Female,Cervus duvauceli,Female
3531124977351105,"Deer, spotted",Female,Axis axis,Male
3536518489671345,Asian red fox,Male,Vulpes vulpes,Male
3560599522174546,Moose,Female,Alces alces,Female
6389082857772954,Silver-backed jackal,Male,Canis mesomelas,Female
3563026566156160,"Stork, openbill",Male,Anastomus oscitans,Female
4017952399701296,California sea lion,Male,Zalophus californicus,Female
56022143741411858,Ibex,Male,Capra ibex,Female
3588675706648527,Long-nosed bandicoot,Female,Perameles nasuta,Male
3589656172363196,"Goose, snow",Female,Anser caerulescens,Female
3582572884558204,"Armadillo, common long-nosed",Female,Dasypus novemcinctus,Male
3562634473738375,Jungle kangaroo,Female,Macropus agilis,Female
6762949173294904,Black-throated butcher bird,Female,Cracticus nigroagularis,Male
5100179348540493,"Squirrel, golden-mantled ground",Female,Spermophilus lateralis,Female
3567881092041112,"Shark, blue",Male,Prionace glauca,Female
3551868757703605,Nyala,Female,Tragelaphus angasi,Male
4175005255872426,Greater flamingo,Female,Phoenicopterus ruber,Female
5561920373279099,Masked booby,Female,Sula dactylatra,Female
5010124577551554,"Squirrel, eurasian red",Female,Sciurus vulgaris,Male
5602218042327568,Common wombat,Male,Vombatus ursinus,Male
5374573607317230,Goanna lizard,Male,Varanus sp.,Male
3543260599593397,"Viper, egyptian",Female,Naja haje,Female
493602441371800058,Dingo,Male,Canis dingo,Male
3529534958199717,Brown and yellow marshbird,Male,Pseudoleistes virescens,Female
6334681842823636,Grizzly bear,Female,Ursus arctos,Male
3563012582006258,"Catfish, blue",Male,Ictalurus furcatus,Female
3553925828953078,Aardwolf,Female,Proteles cristatus,Female
337941485978646,Bohor reedbuck,Female,Redunca redunca,Female
201861354810675,"Squirrel, golden-mantled ground",Male,Spermophilus lateralis,Male
6331107129786703,Australian sea lion,Male,Neophoca cinerea,Female
564182060119039526,"Beaver, european",Male,Castor fiber,Female
3536330799403868,Pale-throated three-toed sloth,Male,Bradypus tridactylus,Female
3530652909094345,African jacana,Male,Actophilornis africanus,Male
3578379123979878,"Monkey, bleeding heart",Female,Theropithecus gelada,Male
3554589072944222,Asian water buffalo,Female,Bubalus arnee,Male
4405445927776245,"Oryx, beisa",Male,Oryx gazella,Male
201888331908215,"Cardinal, red-capped",Male,Paroaria gularis,Male
633393014323454284,"Cat, long-tailed spotted",Male,Felis wiedi or Leopardus weidi,Female
201562583579285,Mountain lion,Female,Felis concolor,Male
3579044542037513,"Tortoise, burmese black mountain",Male,Manouria emys,Male
5602246153947098,Giant armadillo,Female,Priodontes maximus,Female
5602237010061231,"Monkey, red howler",Female,Alouatta seniculus,Male
3553222277679366,Greater kudu,Male,Tragelaphus strepsiceros,Female
36143800192110,"Dolphin, striped",Female,Stenella coeruleoalba,Male
379383289491675,White-rumped vulture,Female,Gyps bengalensis,Male
3542220897827245,Mouflon,Male,Ovis musimon,Male
3528298935022167,Blue racer,Female,Coluber constrictor foxii,Female
3586217890484948,Magnificent frigate bird,Male,Fregata magnificans,Male
3585231958212233,Giant otter,Female,Pteronura brasiliensis,Male
5431617116160598,"Bee-eater, carmine",Male,Merops nubicus,Male
3565022545764420,Raccoon dog,Female,Nyctereutes procyonoides,Female
3578224221418793,Tayra,Female,Eira barbata,Male
36400736647264,"Duck, blue",Female,Hymenolaimus malacorhynchus,Male
5602231961290685405,Pine snake (unidentified),Male,Pituophis melanaleucus,Male
4913421558356974,Mouflon,Female,Ovis musimon,Female
5641822634595297720,Pied crow,Male,Corvus albus,Male
3587987201772012,"Weaver, white-browed sparrow",Male,Plocepasser mahali,Female
343642529256211,"Lion, southern sea",Male,Otaria flavescens,Male
3559971660074247,"Seal, common",Female,Phoca vitulina,Female
5602253201870520,"Crane, wattled",Male,Bugeranus caruncalatus,Female
3573737604225449,Spotted-tailed quoll,Female,Dasyurus maculatus,Female
676123551462045296,Long-billed cockatoo,Male,Cacatua tenuirostris,Female
5020556173373753249,Kaffir cat,Male,Felis silvestris lybica,Male
3574326461734559,Pronghorn,Male,Antilocapra americana,Male
56022435087024729,"Vulture, bengal",Male,Gyps bengalensis,Male
3531188408462450,"Sloth, pale-throated three-toed",Female,Bradypus tridactylus,Female
5610636635411400,"Constrictor, eastern boa",Female,Acrantophis madagascariensis,Female
6763678395748465640,Least chipmunk,Male,Eutamias minimus,Female
5048378884567481,Western palm tanager (unidentified),Male,unavailable,Male
6709538199587056,Nyala,Female,Tragelaphus angasi,Male
36226876101089,Black-fronted bulbul,Male,Pycnonotus nigricans,Male
30287204959123,"Macaw, blue and gold",Female,Ara ararauna,Female
5610527043378350032,"Quoll, spotted-tailed",Female,Dasyurus maculatus,Female
3539609611586209,"Crow, pied",Female,Corvus albus,Male
374283857813455,California sea lion,Male,Zalophus californicus,Male
379196305176264,"Dove, little brown",Female,Streptopelia senegalensis,Male
374283696044908,Agile wallaby,Male,Macropus agilis,Female
4175009783592662,Mexican beaded lizard,Female,Heloderma horridum,Female
3541308348332971,Tokay gecko,Female,Gekko gecko,Female
30419453921757,"Mouse, four-striped grass",Male,Rhabdomys pumilio,Male
5100170501422447,Common shelduck,Male,Tadorna tadorna,Female
3576357014193769,"Anteater, australian spiny",Male,Tachyglossus aculeatus,Male
630451798242325360,Brush-tailed phascogale,Male,Phascogale tapoatafa,Female
6304022950957821242,"Rhinoceros, white",Female,Ceratotherium simum,Female
3570783464536270,"Peacock, indian",Male,Pavo cristatus,Female
3561159404815846,"Bird, magnificent frigate",Male,Fregata magnificans,Female
4992509554113,Stone sheep,Female,Ovis dalli stonei,Male
3555672160941737,Cattle egret,Female,Bubulcus ibis,Female
670646752134629175,Pied butcher bird,Male,Cracticus nigroagularis,Female
3583309823527969,Little brown bat,Male,Myotis lucifugus,Female
3544898406752802,"Cat, miner's",Female,Bassariscus astutus,Female
201559712587486,Mallard,Male,Anas platyrhynchos,Female
3550476385197199,Two-toed tree sloth,Male,Choloepus hoffmani,Male
3547013955149528,"Duiker, gray",Male,Sylvicapra grimma,Male
3578012424760511,"Lion, african",Female,Panthera leo,Male
6333100874578894,"Stork, painted",Female,Mycteria leucocephala,Male
3533528371421322,"Bulbul, black-fronted",Female,Pycnonotus nigricans,Male
3551879739108532,"Wolf, timber",Female,Canis lupus lycaon,Male
4041597159488004,Horned puffin,Female,Fratercula corniculata,Male
633375597695914796,Giant girdled lizard,Male,Cordylus giganteus,Female
56022345699430653,"Raven, cape",Male,Corvus albicollis,Female
5108759454162893,Ringtail cat,Male,Bassariscus astutus,Male
675975062551104441,"Goose, greylag",Male,Anser anser,Male
4905769152699461246,Gray langur,Male,Semnopithecus entellus,Female
5602211033863295,Black-fronted bulbul,Female,Pycnonotus nigricans,Male
56022230929348695,Kalahari scrub robin,Male,Certotrichas paena,Female
3528492080976885,House sparrow,Female,Passer domesticus,Male
3529552911794812,"Ibis, glossy",Female,Plegadis falcinellus,Female
3540506735048800,"Squirrel, malabar",Male,Ratufa indica,Female
3585206683739940,"Alligator, mississippi",Male,Alligator mississippiensis,Female
3540841218575353,"Robin, kalahari scrub",Female,Certotrichas paena,Female
6304178185689231160,"Gull, herring",Male,unavailable,Female
30121351470040,Brazilian otter,Male,Pteronura brasiliensis,Male
3573238075735461,"Vulture, black",Male,Aegypius tracheliotus,Female
3558062350858742,"Rattlesnake, dusky",Female,Crotalus triseriatus,Female
3555111212344798,"Kangaroo, eastern grey",Female,Macropus giganteus,Female
3532109903812592,White spoonbill,Male,Platalea leucordia,Male
3567491988835401,"Spoonbill, white",Male,Platalea leucordia,Male
5536834366939316,Long-billed corella,Male,Cacatua tenuirostris,Female
3578474422362684,"Boa, cook's tree",Male,Corallus hortulanus cooki,Female
3541212766623236,"Armadillo, nine-banded",Female,Dasypus novemcinctus,Female
490369850284963291,Giant anteater,Male,Myrmecophaga tridactyla,Male
4041591849857645,"Gecko, barking",Male,Phylurus milli,Female
201708061475815,Collared lemming,Male,Dicrostonyx groenlandicus,Male
4903328525464108,"Wagtail, african pied",Male,Motacilla aguimp,Male
374288226200490,American bighorn sheep,Male,Ovis canadensis,Male
5610416693468497,"Flamingo, chilean",Female,Phoenicopterus chilensis,Female
3568342733490845,"Bear, sloth",Male,Melursus ursinus,Male
3535024650982638,Savanna baboon,Female,Papio cynocephalus,Female
3531502358297809,Javanese cormorant,Male,Phalacrocorax niger,Male
6396142626290877,"Moccasin, water",Female,Agkistrodon piscivorus,Female
4844857315927629,Serval,Female,Felis serval,Female
3567942407794983,"Darter, african",Female,Anhinga rufa,Male
3573425547311134,Southern brown bandicoot,Female,Isoodon obesulus,Female
4508375612391420,Frog (unidentified),Male,Rana sp.,Female
3545051550893522,Fisher,Male,Martes pennanti,Male
374283940213358,Osprey,Female,Pandon haliaetus,Female
3574667781427915,"Wallaby, bennett's",Male,Macropus rufogriseus,Male
3567802650591009,"Echidna, short-beaked",Female,Tachyglossus aculeatus,Male
4041595311997813,Eastern box turtle,Female,Terrapene carolina,Female
5100144721076838,Field flicker,Male,Colaptes campestroides,Female
3547988554203000,Guanaco,Male,Lama guanicoe,Male
5602232747352177,"Rattlesnake, dusky",Female,Crotalus triseriatus,Female
5514010787549036,White-mantled colobus,Male,Colobus guerza,Female
67595105523539606,"Sunbird, lesser double-collared",Male,Nectarinia chalybea,Female
5893386313133045,"Rhea, gray",Female,Rhea americana,Female
3584638776826237,Palm squirrel,Male,Funambulus pennati,Male
5100146586371824,Prehensile-tailed porcupine,Female,Coendou prehensilis,Female
348314617902503,Tree porcupine,Male,Coendou prehensilis,Male
5007664330205712,American buffalo,Female,Bison bison,Female
5610329485024891,Gray duiker,Male,Sylvicapra grimma,Female
493662411344892042,"Bee-eater, carmine",Female,Merops nubicus,Female
3546394248634372,White-faced tree rat,Female,Echimys chrysurus,Male
4844851251252720,"Cat, toddy",Female,Paradoxurus hermaphroditus,Male
201652320432086,"Parrot, hawk-headed",Female,Deroptyus accipitrinus,Male
3532705975203295,"Cockatoo, red-breasted",Female,Eolophus roseicapillus,Male
3533340336088265,"Baboon, olive",Female,Papio cynocephalus,Female
3584176842684330,"Monkey, rhesus",Male,Macaca mulatta,Female
337941345619174,Elegant crested tinamou,Male,Eudromia elegans,Male
3552424871533566,"Cat, cape wild",Male,Felis libyca,Male
3584970491314888,"Possum, western pygmy",Male,Cercatetus concinnus,Female
30276847383569,Kalahari scrub robin,Male,Certotrichas paena,Female
201618860043385,"Armadillo, common long-nosed",Male,Dasypus novemcinctus,Female
5002351215370150,"Macaw, blue and gold",Female,Ara ararauna,Female
560224720594302636,Wild water buffalo,Male,Bubalus arnee,Male
5610716828437950066,"Legaan, ground",Male,Varanus sp.,Female
30147375070433,"Hare, arctic",Female,Lepus arcticus,Female
5602244269852336,Silver-backed jackal,Female,Canis mesomelas,Male
0604100145263654965,Canada goose,Female,Branta canadensis,Male
4844541976681911,"White-eye, cape",Female,Zosterops pallidus,Female
3536903384333334,Short-beaked echidna,Male,Tachyglossus aculeatus,Male
5132696984754965,Lesser masked weaver,Male,Ploceus intermedius,Male
3556199009415508,"Squirrel, eurasian red",Male,Sciurus vulgaris,Female
3557139783610857,Coqui partridge,Male,Francolinus coqui,Female
5100139518845296,Common rhea,Female,Rhea americana,Female
3589385270242850,"Godwit, hudsonian",Male,Limosa haemastica,Female
3564982816747134,"Bird, pied butcher",Female,Cracticus nigroagularis,Male
3549928627403169,"Squirrel, indian giant",Female,Ratufa indica,Female
5602224186636079,Snow goose,Female,Anser caerulescens,Male
3543809763240522,"Drongo, fork-tailed",Female,Dicrurus adsimilis,Male
3550076322664887,European spoonbill,Male,Platalea leucordia,Female
201532309848538,Western bearded dragon,Male,Amphibolurus barbatus,Male
3573913570019716,Roseat flamingo,Male,Phoenicopterus ruber,Male
341140628797534,Woolly-necked stork,Female,Ciconia episcopus,Female
3589317111214038,African buffalo,Female,Snycerus caffer,Male
3558045699980632,Greylag goose,Female,Anser anser,Male
3542006081668739,"Dragon, western bearded",Female,Amphibolurus barbatus,Male
3529685083976492,"Crow, pied",Female,Corvus albus,Male
3570775398960378,"Skink, african",Female,Mabuya spilogaster,Female
6763664899943085,Comb duck,Female,Sarkidornis melanotos,Male
633333767825452600,Red-cheeked cordon bleu,Female,Uraeginthus bengalus,Female
3579750744285912,"Dog, bush",Female,Speothos vanaticus,Female
3551026830924355,Chimpanzee,Female,Pan troglodytes,Male
67624729199349100,"Whale, baleen",Female,Eubalaena australis,Male
6333968479479548443,Aardwolf,Male,Proteles cristatus,Female
3553604524145756,Desert spiny lizard,Female,Sceloporus magister,Male
4041590444550,"Eagle, tawny",Female,Anitibyx armatus,Male
5444192699619431,"Squirrel, red",Male,Tamiasciurus hudsonicus,Male
5100137768296467,Yellow-bellied marmot,Female,Marmota flaviventris,Male
5602246196910756,"Seal, northern elephant",Male,Mirounga angustirostris,Male
3566366292113409,"Rhea, common",Male,Rhea americana,Male
4405078154384787,Green vine snake,Male,Oxybelis fulgidus,Male
371463836458233,"Stork, white",Male,Ciconia ciconia,Female
3556257767463233,"Stork, greater adjutant",Female,Leptoptilus dubius,Male
3547746359370766,"Turtle, eastern box",Female,Terrapene carolina,Female
4917280954968741,"Goat, mountain",Female,Oreamnos americanus,Male
5602235467617158,African snake (unidentified),Female,unavailable,Male
6771550024623090,"Monkey, vervet",Female,Cercopithecus aethiops,Male
4017959340928,Red and blue macaw,Female,Ara chloroptera,Male
3582721862299956,"Lemur, brown",Male,Lemur fulvus,Female
4026443605949563,African ground squirrel (unidentified),Male,Xerus sp.,Female
3583860086741671,Greater kudu,Female,Tragelaphus strepsiceros,Female
30087164806268,Cape clawless otter,Male,Aonyx capensis,Female
56022511981394838,Striped dolphin,Male,Stenella coeruleoalba,Male
3580325768555065,"Antechinus, brown",Male,Antechinus flavipes,Male
3541614253154882,African wild cat,Female,Felis silvestris lybica,Female
30560784323849,Blacksmith plover,Female,Vanellus armatus,Male
3528782976366880,"Squirrel, nelson ground",Male,Ammospermophilus nelsoni,Female
5002356449036451,Asian water buffalo,Female,Bubalus arnee,Male
3573255688870469,"Eagle, tawny",Male,Anitibyx armatus,Male
5602238442506918,Pacific gull,Male,Gabianus pacificus,Male
374288798871397,Red-necked wallaby,Male,Macropus rufogriseus,Female
337941264098129,"Shelduck, european",Female,Tadorna tadorna,Male
374283123122806,"Wallaby, whip-tailed",Female,Macropus parryi,Female
4175005645605429,"Bee-eater, nubian",Male,Merops nubicus,Male
5020771610852480645,Sun gazer,Female,Cordylus giganteus,Female
201947036957636,"Dragon, netted rock",Male,Ctenophorus ornatus,Male
564182517649893599,Asian foreset tortoise,Male,Manouria emys,Female
3575639981427812,Long-nosed bandicoot,Male,Perameles nasuta,Male
30103827155215,Galapagos dove,Female,Zenaida galapagoensis,Female
3544256773586768,"Dolphin, striped",Male,Stenella coeruleoalba,Male
5610325271994008,Sidewinder,Male,Crotalus cerastes,Male
3563628593130306,Common goldeneye,Male,Bucephala clangula,Female
